{
  "project_info": {
    "project_number": "625256505586",
    "firebase_url": "https://maps-2018-17d72.firebaseio.com",
    "project_id": "maps-2018-17d72",
    "storage_bucket": "maps-2018-17d72.appspot.com"
  },
  "client": [
    {
      "client_info": {
        "mobilesdk_app_id": "1:625256505586:android:a1d1ce9b8c3681aa",
        "android_client_info": {
          "package_name": "com.codingwithmitch.googlemaps2018"
        }
      },
      "oauth_client": [
        {
          "client_id": "625256505586-ekj198rp8ld5g92480of905pkn4if7bi.apps.googleusercontent.com",
          "client_type": 3
        }
      ],
      "api_key": [
        {
          "current_key": "AIzaSyCv8iUYhMlAj18tK1A7zjdaeGC6zp2i52U"
        }
      ],
      "services": {
        "appinvite_service": {
          "other_platform_oauth_client": [
            {
              "client_id": "625256505586-ekj198rp8ld5g92480of905pkn4if7bi.apps.googleusercontent.com",
              "client_type": 3
            }
          ]
        }
      }
    }
  ],
  "configuration_version": "1"
}